,precision,recall,f1-score,support
0,0.997979797979798,0.8591304347826086,0.9233644859813084,575.0
1,0.9545709478407179,0.9994128009395185,0.9764773379231211,1703.0
accuracy,0.9640035118525022,0.9640035118525022,0.9640035118525022,0.9640035118525022
macro avg,0.976275372910258,0.9292716178610636,0.9499209119522147,2278.0
weighted avg,0.9655279666422856,0.9640035118525022,0.9630708893425493,2278.0
